Title,Company,Location,Reward,Link
[100억투자] SW Developer(Python or Javascript),수퍼톤,서울 · 한국,합격보상금 100만원,https://www.wanted.co.kr/wd/166771
Back-end Developer_Python (2년 이상),쏘마,경기 · 한국,합격보상금 100만원,https://www.wanted.co.kr/wd/198178
"개발자 (JAVA,Python,AI,IoT)",펀진,서울 · 한국,합격보상금 100만원,https://www.wanted.co.kr/wd/161900
[1500억↑투자] Senior Backend Engineer - Python,트릿지,서울 · 한국,합격보상금 100만원,https://www.wanted.co.kr/wd/96146
Python 백엔드 개발자 (3년이상),엠몬스타,경기 · 한국,합격보상금 100만원,https://www.wanted.co.kr/wd/196490
백엔드 엔지니어 (Python/Django),뮤즈라이브(Muzlive),서울 · 한국,합격보상금 100만원,https://www.wanted.co.kr/wd/18295
백엔드 개발자 (Python/5년 이상),딥세일즈,서울 · 한국,합격보상금 100만원,https://www.wanted.co.kr/wd/204840
[200억↑투자] 서버 엔지니어 (Python),페이히어,서울 · 한국,합격보상금 100만원,https://www.wanted.co.kr/wd/89571
[100억투자] SW Developer(Python or Javascript),수퍼톤,서울 · 한국,합격보상금 100만원,https://www.wanted.co.kr/wd/166771
Back-end Developer_Python (2년 이상),쏘마,경기 · 한국,합격보상금 100만원,https://www.wanted.co.kr/wd/198178
"개발자 (JAVA,Python,AI,IoT)",펀진,서울 · 한국,합격보상금 100만원,https://www.wanted.co.kr/wd/161900
[1500억↑투자] Senior Backend Engineer - Python,트릿지,서울 · 한국,합격보상금 100만원,https://www.wanted.co.kr/wd/96146
Python 백엔드 개발자 (3년이상),엠몬스타,경기 · 한국,합격보상금 100만원,https://www.wanted.co.kr/wd/196490
백엔드 엔지니어 (Python/Django),뮤즈라이브(Muzlive),서울 · 한국,합격보상금 100만원,https://www.wanted.co.kr/wd/18295
백엔드 개발자 (Python/5년 이상),딥세일즈,서울 · 한국,합격보상금 100만원,https://www.wanted.co.kr/wd/204840
[200억↑투자] 서버 엔지니어 (Python),페이히어,서울 · 한국,합격보상금 100만원,https://www.wanted.co.kr/wd/89571
python 개발자 (3년 이상),자이온아이티에스,서울 · 한국,합격보상금 100만원,https://www.wanted.co.kr/wd/187131
개발자 (Python),애드크림,서울 · 한국,합격보상금 100만원,https://www.wanted.co.kr/wd/202338
Python 트레이딩 플랫폼 엔지니어 for VegaX,콘스텔레이션코리아,서울 · 한국,합격보상금 100만원,https://www.wanted.co.kr/wd/193356
웹/앱 백엔드개발자(Python),에임비랩,서울 · 한국,합격보상금 100만원,https://www.wanted.co.kr/wd/204586
백엔드 엔지니어 (Python),엘리스,서울 · 한국,합격보상금 100만원,https://www.wanted.co.kr/wd/57878
Python Developer (Product),비바리퍼블리카(토스),서울 · 한국,합격보상금 100만원,https://www.wanted.co.kr/wd/172779
"[개발] SW엔지니어(API, Python)",아이알큐더스,서울 · 한국,합격보상금 100만원,https://www.wanted.co.kr/wd/189617
[200억↑투자] 서비스 API (Python/Django) 개발,놀이의발견,서울 · 한국,합격보상금 100만원,https://www.wanted.co.kr/wd/181923
풀스택 웹 개발자 (Python/Django),웜블러드,서울 · 한국,합격보상금 100만원,https://www.wanted.co.kr/wd/142233
글로벌팀 백엔드 엔지니어 (Python),엘리스,서울 · 한국,합격보상금 100만원,https://www.wanted.co.kr/wd/182859
Python application & Algorithm 개발자,메디픽셀,서울 · 한국,합격보상금 100만원,https://www.wanted.co.kr/wd/190006
"[전문연구요원 가능] C/C++, Python 로봇 제어 개발자 (신입)",메디인테크,서울 · 한국,합격보상금 100만원,https://www.wanted.co.kr/wd/147487
Python 서버개발자,크로스이엔에프,서울 · 한국,합격보상금 100만원,https://www.wanted.co.kr/wd/153489
"[전문연구요원 가능] C/C++, Python 로봇 제어 개발자",메디인테크,서울 · 한국,합격보상금 100만원,https://www.wanted.co.kr/wd/100407
[200억↑투자] 백엔드 개발자(Python),바로팜,서울 · 한국,합격보상금 100만원,https://www.wanted.co.kr/wd/66521
백엔드 Python Django 개발자 / 핀테크,얼리페이,서울 · 한국,합격보상금 100만원,https://www.wanted.co.kr/wd/165649
Frontend 및 Backend(python) 개발자,마인즈앤컴퍼니,서울 · 한국,합격보상금 100만원,https://www.wanted.co.kr/wd/156436
"C#, C++, Python, IoT MCU(아두이노,RPi) 개발자",아이티로그,서울 · 한국,합격보상금 100만원,https://www.wanted.co.kr/wd/187186
"백엔드 개발자(C#, Java, Python, Hack)",애딥랩,서울 · 한국,합격보상금 100만원,https://www.wanted.co.kr/wd/178948
"백엔드(Backend) 개발자(Python, Django) (2년차 이상)",와이피랩스(커넥팅),서울 · 한국,합격보상금 100만원,https://www.wanted.co.kr/wd/169285
Python Developer,사이버메드,서울 · 한국,합격보상금 100만원,https://www.wanted.co.kr/wd/148605
파이썬 개발자(Python developer),애크미랩,서울 · 한국,합격보상금 100만원,https://www.wanted.co.kr/wd/136526
백엔드 엔지니어 (Python),아이네블루메(채티),서울 · 한국,합격보상금 100만원,https://www.wanted.co.kr/wd/60926
"웹개발자(Python, Django) 3년이상",리걸테크,서울 · 한국,합격보상금 100만원,https://www.wanted.co.kr/wd/148349
"[200억↑투자] 백엔드 개발자 (Spring, Python, MSA)",페이타랩(패스오더),서울 · 한국,합격보상금 100만원,https://www.wanted.co.kr/wd/196993
"[200억↑투자] 백엔드 개발자 (Spring, Python, MSA)",페이타랩(패스오더),서울 · 한국,합격보상금 100만원,https://www.wanted.co.kr/wd/45650
백엔드 엔지니어 (Python),버핏서울,서울 · 한국,합격보상금 100만원,https://www.wanted.co.kr/wd/197592
백엔드 엔지니어 (Python),피클플러스,서울 · 한국,합격보상금 100만원,https://www.wanted.co.kr/wd/172732
이커머스 솔루션 Python Backend 개발자,샐러드랩,서울 · 한국,합격보상금 100만원,https://www.wanted.co.kr/wd/201877
"Back-End (Python, Java)",미니레코드,서울 · 한국,합격보상금 100만원,https://www.wanted.co.kr/wd/204028
[플레이오][신입] Python 백엔드 개발,지엔에이컴퍼니,서울 · 한국,합격보상금 100만원,https://www.wanted.co.kr/wd/193602
[신입] 백엔드 엔지니어 (Python),엘리스,서울 · 한국,합격보상금 100만원,https://www.wanted.co.kr/wd/162405
오픈업 데이터 엔지니어 (Python),핀다(FINDA),서울 · 한국,합격보상금 100만원,https://www.wanted.co.kr/wd/180080
Python Django 기반 서버 개발,블리몽키즈,서울 · 한국,합격보상금 100만원,https://www.wanted.co.kr/wd/184372
Python 백엔드 개발자,패스트파이브,서울 · 한국,합격보상금 100만원,https://www.wanted.co.kr/wd/203425
Python 개발자,웨이브릿지,서울 · 한국,합격보상금 100만원,https://www.wanted.co.kr/wd/45002
Python 백엔드 개발자 (생성형AI 플랫폼 개발),디쉐어,서울 · 한국,합격보상금 100만원,https://www.wanted.co.kr/wd/156681
백엔드 개발자 (Python/Django) - 서울,비프로컴퍼니(Bepro),서울 · 한국,합격보상금 100만원,https://www.wanted.co.kr/wd/200403
Python Developer (Platform),비바리퍼블리카(토스),서울 · 한국,합격보상금 100만원,https://www.wanted.co.kr/wd/176110
"백엔드 개발자(Python, Django)",어터,경기 · 한국,합격보상금 100만원,https://www.wanted.co.kr/wd/173374
[인텔리전스랩스] 게임 이상탐지 백엔드 개발자 (Python),넥슨코리아(NEXON),경기 · 한국,합격보상금 100만원,https://www.wanted.co.kr/wd/202474
"Data Engineer (Python, SQL)",이랜드이노플,서울 · 한국,합격보상금 100만원,https://www.wanted.co.kr/wd/184348
Python Back-end Engineer,올거나이즈코리아(Allganize Korea),서울 · 한국,합격보상금 100만원,https://www.wanted.co.kr/wd/160068
파이썬(Python) 개발자,에잇퍼센트(8PERCENT),서울 · 한국,합격보상금 100만원,https://www.wanted.co.kr/wd/181863
[인텔리전스랩스] MLOps팀 백엔드 개발자 (Python/Go),넥슨코리아(NEXON),경기 · 한국,합격보상금 100만원,https://www.wanted.co.kr/wd/151721
"백엔드(Python, Java) 엔지니어",액스,서울 · 한국,합격보상금 100만원,https://www.wanted.co.kr/wd/162002
