title,company_name,reward,link
리액트 네이티브 개발자,해낸다컴퍼니,합격보상금 100만원,https://www.wanted.co.kr/wd/202032
Frontend (React / Angular) 개발자(5년 이상),디앤에스에버(DNS Ever),합격보상금 100만원,https://www.wanted.co.kr/wd/207256
React-Native 개발자,제너럴커피코디네이터,합격보상금 100만원,https://www.wanted.co.kr/wd/192618
FrontEnd 개발자(5년차 이상) - react / next.js 기반,시제(모노리스),합격보상금 100만원,https://www.wanted.co.kr/wd/207457
"application (react native, java) 개발자",컴플렉시온,합격보상금 100만원,https://www.wanted.co.kr/wd/203765
React Native/Node.js 풀스택 시니어 앱 개발자,시놀,합격보상금 100만원,https://www.wanted.co.kr/wd/190363
React-java 풀스택 개발자,빅크래프트,합격보상금 100만원,https://www.wanted.co.kr/wd/207835
[200억↑투자] 앱(React Native) 개발자,클라썸,합격보상금 100만원,https://www.wanted.co.kr/wd/31020
리액트 네이티브 개발자,해낸다컴퍼니,합격보상금 100만원,https://www.wanted.co.kr/wd/202032
Frontend (React / Angular) 개발자(5년 이상),디앤에스에버(DNS Ever),합격보상금 100만원,https://www.wanted.co.kr/wd/207256
React-Native 개발자,제너럴커피코디네이터,합격보상금 100만원,https://www.wanted.co.kr/wd/192618
FrontEnd 개발자(5년차 이상) - react / next.js 기반,시제(모노리스),합격보상금 100만원,https://www.wanted.co.kr/wd/207457
"application (react native, java) 개발자",컴플렉시온,합격보상금 100만원,https://www.wanted.co.kr/wd/203765
React Native/Node.js 풀스택 시니어 앱 개발자,시놀,합격보상금 100만원,https://www.wanted.co.kr/wd/190363
React-java 풀스택 개발자,빅크래프트,합격보상금 100만원,https://www.wanted.co.kr/wd/207835
[200억↑투자] 앱(React Native) 개발자,클라썸,합격보상금 100만원,https://www.wanted.co.kr/wd/31020
React Native 모바일 앱 개발자 (3년 이상),블루밍비트,합격보상금 100만원,https://www.wanted.co.kr/wd/207083
프론트엔드 개발자 React (7년 이상),차란차,합격보상금 100만원,https://www.wanted.co.kr/wd/188040
[100억↑투자] React Native 개발자,누비랩,합격보상금 100만원,https://www.wanted.co.kr/wd/204730
"프론트엔드 엔지니어(Mobile Application, React Native)",크리에이트립,합격보상금 100만원,https://www.wanted.co.kr/wd/187235
프론트엔드 개발자(React Native) (3년 이상),통하는사람들,합격보상금 100만원,https://www.wanted.co.kr/wd/207433
웹/앱 프론트엔드 개발자 (ReactJS/React Native),소프트스피어,합격보상금 100만원,https://www.wanted.co.kr/wd/201217
"프론트엔드 개발(React/Next.js, 온보딩 지원 콘솔 외)",위메이드(WEMADE),합격보상금 100만원,https://www.wanted.co.kr/wd/205985
React Native 모바일 앱 개발자,먼치팩토리,합격보상금 100만원,https://www.wanted.co.kr/wd/194600
React Native 앱 개발자,라이드,합격보상금 100만원,https://www.wanted.co.kr/wd/183799
[100억↑투자] 프론트엔드 개발자 (React) Lead,아파트멘터리,합격보상금 100만원,https://www.wanted.co.kr/wd/206388
리액트 네이티브 모바일 앱 개발자(3년 이상),모니모니,합격보상금 100만원,https://www.wanted.co.kr/wd/137526
Frontend 개발 (React),투스카이,합격보상금 100만원,https://www.wanted.co.kr/wd/197741
[100억↑투자] Mobile App Developer(React Native),아임웹,합격보상금 100만원,https://www.wanted.co.kr/wd/182668
"App Engineer (React Native, 차량 구독 서비스)",포티투닷(42dot),합격보상금 100만원,https://www.wanted.co.kr/wd/143339
React Native 모바일 앱 개발자,이터널,합격보상금 100만원,https://www.wanted.co.kr/wd/195575
프론트엔드 리엑트 개발자,몰덴아이,합격보상금 100만원,https://www.wanted.co.kr/wd/179835
React Native 모바일 앱 개발자 (3년 이상),휴가중,합격보상금 100만원,https://www.wanted.co.kr/wd/200962
"React, ReactNative 개발자",팹(PAP),합격보상금 100만원,https://www.wanted.co.kr/wd/136210
앱 개발자 (React Native),네이처프라임,합격보상금 100만원,https://www.wanted.co.kr/wd/200871
Sr. React Front-end Engineer,올거나이즈코리아(Allganize Korea),합격보상금 100만원,https://www.wanted.co.kr/wd/184032
코박(Cobak) 프론트앤드 개발자[5년 이상] (React),판도라티비,합격보상금 100만원,https://www.wanted.co.kr/wd/173342
"프론트엔드 엔지니어 (React, Typescript) (시니어/리더급)",벳칭,합격보상금 100만원,https://www.wanted.co.kr/wd/158290
웹프로그래밍 블록체인 교강사 (Node.js React.js 등),경일게임아카데미,합격보상금 100만원,https://www.wanted.co.kr/wd/205434
Global 서비스 React Native 개발,아프리카TV,합격보상금 100만원,https://www.wanted.co.kr/wd/126674
React Native 앱 개발자,하이데브(HighDev),합격보상금 100만원,https://www.wanted.co.kr/wd/148982
리액트 네이티브 FE 개발자,스매시,합격보상금 100만원,https://www.wanted.co.kr/wd/142105
프론트엔드 엔지니어(React Native),타이로스코프,합격보상금 100만원,https://www.wanted.co.kr/wd/166293
Django/React 개발자,아이넥스코퍼레이션,합격보상금 100만원,https://www.wanted.co.kr/wd/167083
"웹 프론트엔드 개발자(React, 4년이상)",물류대장,합격보상금 100만원,https://www.wanted.co.kr/wd/90322
React Native 프론트엔드 RN 개발자,디핑컴퍼니,합격보상금 100만원,https://www.wanted.co.kr/wd/136276
Senior Frontend Engineer (React),위펀(스낵24),합격보상금 100만원,https://www.wanted.co.kr/wd/169803
Full-Stack & React Native 앱 개발(3년 이상),바운티팜,합격보상금 100만원,https://www.wanted.co.kr/wd/160937
React Native 개발자,버디파이(Budify),합격보상금 100만원,https://www.wanted.co.kr/wd/145752
앱 (React Native) 개발자,링글잉글리시에듀케이션서비스,합격보상금 100만원,https://www.wanted.co.kr/wd/93006
"네이티브 앱 개발자(React Native, 3년 이상)",물류대장,합격보상금 100만원,https://www.wanted.co.kr/wd/149730
프론트앤드 개발자 (리액트 네이티브),디세로스,합격보상금 100만원,https://www.wanted.co.kr/wd/205988
[제품개발팀] 프론트엔드 개발자 (React),퀄슨,합격보상금 100만원,https://www.wanted.co.kr/wd/205433
"솔루션 개발 (리액트, 프론트엔드)",드림시스,합격보상금 100만원,https://www.wanted.co.kr/wd/207560
Front-end 개발 (TS/React),솔닥,합격보상금 100만원,https://www.wanted.co.kr/wd/205653
"Frontend Developer (React, Flutter)",디렉셔널,합격보상금 100만원,https://www.wanted.co.kr/wd/204226
Frontend Developer (React),캔랩코리아,합격보상금 100만원,https://www.wanted.co.kr/wd/205131
"[200억↑투자] 웹 프론트엔드 개발자(JavaScript, React) (서울)",페이타랩(패스오더),합격보상금 100만원,https://www.wanted.co.kr/wd/45651
웹프론트 개발자(react),뉴플로이,합격보상금 100만원,https://www.wanted.co.kr/wd/202005
"Front-end 개발자 (React, React Native)",쉐어잇,합격보상금 100만원,https://www.wanted.co.kr/wd/206197
프론트엔드(React/React-Native) 개발자,넥스트에디션,합격보상금 100만원,https://www.wanted.co.kr/wd/165200
프론트엔드 리드 개발자(React),액스,합격보상금 100만원,https://www.wanted.co.kr/wd/207079
프론트엔드 웹 개발자 React.js / Next.js (3~5년),클라우드호스피탈,합격보상금 100만원,https://www.wanted.co.kr/wd/207121
프론트엔드 개발자 (React) (3년 이상),래피드글로벌,합격보상금 100만원,https://www.wanted.co.kr/wd/197589
[100억↑투자] 프론트엔드 개발자 (React),아파트멘터리,합격보상금 100만원,https://www.wanted.co.kr/wd/165182
개발자(react),바이브컴퍼니,합격보상금 100만원,https://www.wanted.co.kr/wd/207547
프론트엔드 개발자 (React Native),서플라이스,합격보상금 100만원,https://www.wanted.co.kr/wd/173444
ReactNative/React 프론트 개발자 (2년 이상),페이워크,합격보상금 100만원,https://www.wanted.co.kr/wd/150575
